Workbook

Sheet Productos
A1: N° | B1: Casa | C1: Producto | D1: Destacado | E1: Familia olfativa | F1: Género | G1: Notas olfativas | H1: Presentación | I1: Tipo | J1: Volumen (ml) | K1: Año de lanzamiento | L1: Duración estimada | M1: Precio (ARS) | N1: Precio mostrado | O1: Consulta | P1: Foto (archivo)
A2: 1 | B2: AFNAN | C2: 9 AM DIVE | D2: Sí | E2: Cítrico / Fresco | F2: Unisex | G2: Limón, Menta, Grosella Negra, Manzana, Cedro | H2: EDP 100ML | I2: EDP | J2: 100 | K2: 2022 | L2: Moderada (aprox. 4–8h, varía según piel) | M2: 75508 | N2: $75.508 | O2: Escribir por WhatsApp | P2: imagenes/9-am-dive-afnan.webp
A3: 2 | B3: AFNAN | C3: 9 AM ROSA FEM | D3: No | E3: Floral | F3: Femenino | G3: Rosa Matutina, Cítricos, Peonía, Almizcle Blanco | H3: EDP 100ML | I3: EDP | J3: 100 | K3: 2022 | L3: Moderada (4–6h) | M3: 87411 | N3: $87.411 | O3: Escribir por WhatsApp | P3: imagenes/9-am-rosa-fem-afnan.webp
A4: 3 | B4: AFNAN | C4: 9 PM | D4: No | E4: Gourmand | F4: Unisex | G4: Manzana, Canela, Lavanda, Azahar, Vainilla | H4: EDP 100ML | I4: EDP | J4: 100 | K4: 2020 | L4: Muy alta (8–12h+) | M4: 70000 | N4: $70.000 | O4: Escribir por WhatsApp | P4: imagenes/9-pm-afnan.webp
A5: 4 | B5: AFNAN | C5: 9 PM ELIXIR | D5: No | E5: Gourmand | F5: Unisex | G5: Manzana Acaramelada, Especias Oscuras, Tonka | H5: ELIXIR 100ML | I5: ELIXIR | J5: 100 | K5: 2025 | L5: Muy alta (8–12h+) | M5: 107277 | N5: $107.277 | O5: Escribir por WhatsApp | P5: imagenes/9-pm-elixir-afnan.webp
A6: 5 | B6: AFNAN | C6: 9 PM NIGHT OUT | D6: No | E6: Ámbar Oriental | F6: Unisex | G6: Cítricos Chispeantes, Especias, Cuero, Ámbar | H6: EDP 100ML | I6: EDP | J6: 100 | K6: 2026 | L6: Alta (6–8h) | M6: 140763 | N6: $140.763 | O6: Escribir por WhatsApp | P6: imagenes/9-pm-night-out-afnan.webp
A7: 6 | B7: AFNAN | C7: 9 PM REBEL | D7: No | E7: Cítrico / Fresco | F7: Unisex | G7: Piña, Mandarina, Menta, Maderas Nobles, Ámbar | H7: EDP 100ML | I7: EDP | J7: 100 | K7: 2024 | L7: Muy alta (8–12h+) | M7: 106491 | N7: $106.491 | O7: Escribir por WhatsApp | P7: imagenes/9-pm-rebel-afnan.webp
A8: 7 | B8: AFNAN | C8: THURATI BLUE | D8: No | E8: Amaderado / Oud | F8: Unisex | G8: Toronja, Ámbar, Maderas, Almizcle | H8: EDP 100ML | I8: EDP | J8: 100 | K8: 2021 | L8: Moderada-Alta (5–7h) | M8: 79874 | N8: $79.874 | O8: Escribir por WhatsApp | P8: imagenes/thurati-blue-afnan.webp
A9: 8 | B9: AFNAN | C9: TURATHI ELECTRIC | D9: No | E9: Cítrico / Fresco | F9: Unisex | G9: Toronja, Menta, Pimienta Rosa, Cedro | H9: EDP 100ML | I9: EDP | J9: 100 | K9: 2025 | L9: Moderada (4–6h) | N9: Consultar | O9: Escribir por WhatsApp
A10: 9 | B10: AL HARAMAIN | C10: AQUA DUBAI | D10: Sí | E10: Cítrico / Fresco | F10: Unisex | G10: Bergamota, Mandarina, Acordes Marinos | H10: EDP 100ML | I10: EDP | J10: 100 | K10: 2024 | L10: Alta (6–8h) | M10: 122112 | N10: $122.112 | O10: Escribir por WhatsApp | P10: imagenes/aqua-dubai-al-haramain.webp
A11: 10 | B11: AL HARAMAIN | C11: DUBAI NIGHT | D11: No | E11: Ámbar Oriental | F11: Unisex | G11: Especias Oscuras, Ámbar, Vainilla | H11: EDP 100ML | I11: EDP | J11: 100 | K11: Consultar | L11: Consultar | M11: 125690 | N11: $125.690 | O11: Escribir por WhatsApp | P11: imagenes/dubai-night-al-haramain.webp
A12: 11 | B12: AL HARAMAIN | C12: GOLD EDITION | D12: No | E12: Gourmand | F12: Unisex | G12: Cítricos, Piña, Ámbar, Vainilla | H12: EDP 120ML | I12: EDP | J12: 120 | K12: Consultar | L12: Consultar | M12: 131103 | N12: $131.103 | O12: Escribir por WhatsApp | P12: imagenes/gold-edition-al-haramain.webp
A13: 12 | B13: AL WATANIAH | C13: SABAH AL WARD | D13: Sí | E13: Oriental Amaderado | F13: Unisex | G13: Notas exactas no confirmadas en fuentes públicas; perfil floral (línea Sabah Al Ward) | H13: EDP 100ML | I13: EDP | J13: 100 | K13: Consultar | L13: Consultar | M13: 45696 | N13: $45.696 | O13: Escribir por WhatsApp | P13: imagenes/sabah-al-ward-al-wataniah.webp
A14: 13 | B14: ARMAF | C14: CLUB DE NUIT BLING | D14: Sí | E14: Gourmand | F14: Unisex | G14: Cítricos, Flower Prism, Stardust / Velvet Woods, Vainilla | H14: EDP | I14: EDP | K14: 2025 | L14: Moderada-Alta (5–7h) | M14: 98476 | N14: $98.476 | O14: Escribir por WhatsApp | P14: imagenes/club-de-nuit-bling-armaf.webp
A15: 14 | B15: ARMAF | C15: CLUB DE NUIT BLUE ICONIC | D15: No | E15: Amaderado / Oud | F15: Masculino | G15: Toronja, Limón, Menta, Pimienta Rosa, Cilantro / Jengibre, Melón, Jazmín, Nuez Moscada / Amaderadas, Incienso, Sándalo, Ámbar, Cedro, Pachulí, Ládano | H15: EDP 105ML | I15: EDP | J15: 105 | K15: 2022 | L15: Alta (aprox. 6–9h) | M15: 97809 | N15: $97.809 | O15: Escribir por WhatsApp | P15: imagenes/club-de-nuit-blue-iconic-armaf.webp
A16: 15 | B16: ARMAF | C16: CLUB DE NUIT INTENSE MAN | D16: No | E16: Floral | F16: Masculino | G16: Limón, Piña, Bergamota, Grosella Negra, Manzana / Abedul, Jazmín, Rosa / Almizcle, Ámbar Gris, Pachulí, Vainilla | H16: EDP | I16: EDP | K16: 2015 | L16: Muy alta (8–12h+) | M16: 84429 | N16: $84.429 | O16: Escribir por WhatsApp | P16: imagenes/club-de-nuit-intense-man-armaf.webp
A17: 16 | B17: ARMAF | C17: CLUB DE NUIT MALEKA | D17: No | E17: Ámbar Oriental | F17: Unisex | G17: Flores Blancas Exóticas, Cítricos Dorados, Ámbar | H17: EDP 100ML | I17: EDP | J17: 100 | K17: 2025 | L17: Alta (6–8h) | M17: 94017 | N17: $94.017 | O17: Escribir por WhatsApp | P17: imagenes/club-de-nuit-maleka-armaf.webp
A18: 17 | B18: ARMAF | C18: CLUB DE NUIT PRECIEUX | D18: No | E18: Amaderado / Oud | F18: Masculino | G18: Piña, Bergamota, Dulce de Pimienta, Maderas Lujosas | H18: EXTRAIT PARFUM 55ML | I18: EXTRAIT PARFUM | J18: 55 | K18: 2024 | L18: Alta (6–8h) | M18: 139785 | N18: $139.785 | O18: Escribir por WhatsApp | P18: imagenes/club-de-nuit-precieux-armaf.webp
A19: 18 | B19: ARMAF | C19: CLUB DE NUIT SILLAGE | D19: No | E19: Floral | F19: Unisex | G19: Bergamota, Grosella Negra, Violeta, Ambroxan | H19: EDP 105ML | I19: EDP | J19: 105 | K19: 2020 | L19: Alta (6–8h) | M19: 86050 | N19: $86.050 | O19: Escribir por WhatsApp | P19: imagenes/club-de-nuit-sillage-armaf.webp
A20: 19 | B20: ARMAF | C20: CLUB DE NUIT UNTOLD | D20: No | E20: Amaderado / Oud | F20: Unisex | G20: Azafrán, Jazmín, Amberwood, Resina de Abeto, Cedro | H20: EDP 105ML | I20: EDP | J20: 105 | K20: 2022 | L20: Moderada (4–6h) | M20: 96354 | N20: $96.354 | O20: Escribir por WhatsApp | P20: imagenes/club-de-nuit-untold-armaf.webp
A21: 20 | B21: ARMAF | C21: CLUB DE NUIT URBAN MAN ELIXIR | D21: No | E21: Amaderado / Oud | F21: Masculino | G21: Bergamota, Pimienta, Lavanda, Ambroxan, Pachulí | H21: ELIXIR 105ML | I21: ELIXIR | J21: 105 | K21: 2022 | L21: Muy alta (8–12h+) | M21: 102054 | N21: $102.054 | O21: Escribir por WhatsApp | P21: imagenes/club-de-nuit-urban-man-elixir-armaf.webp
A22: 21 | B22: ARMAF | C22: CLUB DE NUIT WOMAN | D22: No | E22: Floral | F22: Femenino | G22: Naranja, Bergamota, Rosa, Jazmín, Pachulí, Vainilla | H22: EDP 105ML | I22: EDP | J22: 105 | K22: Consultar | L22: Moderada-Alta (5–7h) | M22: 88604 | N22: $88.604 | O22: Escribir por WhatsApp | P22: imagenes/club-de-nuit-woman-armaf.webp
A23: 22 | B23: ARMAF | C23: MANDARIN SKY | D23: No | E23: Gourmand | F23: Unisex | G23: Mandarina, Caramelo, Tonka, Salvia, Cítricos | H23: EDP 100ML | I23: EDP | J23: 100 | K23: 2023 | L23: Moderada-Alta (5–7h) | M23: 69738 | N23: $69.738 | O23: Escribir por WhatsApp | P23: imagenes/mandarin-sky-armaf.webp
A24: 23 | B24: ARMAF | C24: MANDARIN SKY ELIXIR | D24: No | E24: Gourmand | F24: Unisex | G24: Mandarina Dulce, Caramelo Concentrado, Ámbar | H24: ELIXIR 100ML | I24: ELIXIR | J24: 100 | K24: 2025 | L24: Alta (6–8h) | M24: 99406 | N24: $99.406 | O24: Escribir por WhatsApp | P24: imagenes/mandarin-sky-elixir-armaf.webp
A25: 24 | B25: ARMAF | C25: ODYSSEY AQUA | D25: No | E25: Cítrico / Fresco | F25: Unisex | G25: Toronja, Menta, Violeta, Pachulí, Ámbar | H25: EDP 100ML | I25: EDP | J25: 100 | K25: 2023 | L25: Alta (6–8h) | M25: 79516 | N25: $79.516 | O25: Escribir por WhatsApp | P25: imagenes/odyssey-aqua-armaf.webp
A26: 25 | B26: ARMAF | C26: ODYSSEY BAHAMAS | D26: No | E26: Acuático / Marino | F26: Unisex | G26: Coco, Brisa Marina, Cítricos Tropicales | H26: EDP 100ML | I26: EDP | J26: 100 | K26: 2025 | L26: Moderada (4–6h) | M26: 98262 | N26: $98.262 | O26: Escribir por WhatsApp | P26: imagenes/odyssey-bahamas-armaf.webp
A27: 26 | B27: ARMAF | C27: ODYSSEY CANDE | D27: No | E27: Gourmand | F27: Unisex | G27: Caramelo, Cacao, Especias Dulces, Vainilla | H27: EDP 100ML | I27: EDP | J27: 100 | K27: 2024 | L27: Moderada-Alta (5–7h) | M27: 56120 | N27: $56.120 | O27: Escribir por WhatsApp | P27: imagenes/odyssey-cande-armaf.webp
A28: 27 | B28: ARMAF | C28: ODYSSEY GO MANGO | D28: No | E28: Frutal | F28: Unisex | G28: Mango Maduro, Maracuyá, Cítricos, Ámbar | H28: EDP 100ML | I28: EDP | J28: 100 | K28: 2025 | L28: Moderada (4–6h) | M28: 94304 | N28: $94.304 | O28: Escribir por WhatsApp | P28: imagenes/odyssey-go-mango-armaf.webp
A29: 28 | B29: ARMAF | C29: ODYSSEY HOMME BLACK | D29: No | E29: Gourmand | F29: Masculino | G29: Vainilla, Iris, Ámbar, Cuero, Maderas Oscuras | H29: EDP 100ML | I29: EDP | J29: 100 | K29: Consultar | L29: Moderada-Alta (5–7h) | M29: 58552 | N29: $58.552 | O29: Escribir por WhatsApp | P29: imagenes/odyssey-homme-black-armaf.webp
A30: 29 | B30: ARMAF | C30: ODYSSEY HOMME WHITE | D30: No | E30: Amaderado / Oud | F30: Masculino | G30: Yuzu, Pimienta, Acordes Marinos, Maderas | H30: EDP 100ML | I30: EDP | J30: 100 | K30: Consultar | L30: Moderada (4–6h) | M30: 77370 | N30: $77.370 | O30: Escribir por WhatsApp | P30: imagenes/odyssey-homme-white-armaf.webp
A31: 30 | B31: ARMAF | C31: ODYSSEY MEGA | D31: No | E31: Amaderado / Oud | F31: Unisex | G31: Bergamota, Jengibre, Enebro, Salvia, Vetiver | H31: EDP 100ML | I31: EDP | J31: 100 | K31: 2023 | L31: Moderada (4–6h) | M31: 58958 | N31: $58.958 | O31: Escribir por WhatsApp | P31: imagenes/odyssey-mega-armaf.webp
A32: 31 | B32: ASDAAF | C32: AMEERAT AL ARAB | D32: Sí | E32: Floral | F32: Femenino | G32: Uva, Nardo, Jazmín, Almizcle, Madera de Cedro | H32: EDP 100ML | I32: EDP | J32: 100 | K32: 2022 | L32: Buena (aprox. 6–8h) | M32: 47938 | N32: $47.938 | O32: Escribir por WhatsApp | P32: imagenes/ameerat-al-arab-asdaaf.webp
A33: 32 | B33: ASDAAF | C33: AMEERAT AL ARAB PRIVE ROSE | D33: No | E33: Gourmand | F33: Femenino | G33: Notas exactas no confirmadas; misma familia que Ameerat Al Arab Prive (rosa, fresa, vainilla) | H33: EDP | I33: EDP | K33: 2023 | L33: Muy alta (8–12h+) | M33: 52995 | N33: $52.995 | O33: Escribir por WhatsApp | P33: imagenes/ameerat-al-arab-prive-rose-asdaaf.webp
A34: 33 | B34: BHARARA | C34: BHARARA KING 100ML | D34: Sí | E34: Frutal | F34: Masculino | G34: Naranja, Bergamota, Limón / Frutas Tutti-Frutti / Almizcle Blanco, Ámbar, Vainilla | H34: EDP 100ML | I34: EDP | J34: 100 | K34: 2021 | L34: Muy alta (8–12h+) | M34: 142695 | N34: $142.695 | O34: Escribir por WhatsApp | P34: imagenes/bharara-king-100ml-bharara.webp
A35: 34 | B35: BHARARA | C35: BHARARA KING 150ML | D35: No | E35: Frutal | F35: Masculino | G35: Naranja, Bergamota, Limón / Frutas Tutti-Frutti / Almizcle Blanco, Ámbar, Vainilla | H35: EDP 150ML | I35: EDP | J35: 150 | K35: 2021 | L35: Muy alta (8–12h+) | M35: 180258 | N35: $180.258 | O35: Escribir por WhatsApp | P35: imagenes/bharara-king-150ml-bharara.webp
A36: 35 | B36: EMPER | C36: STALLION 53 | D36: Sí | E36: Amaderado / Oud | F36: Masculino | G36: Cardamomo, Violeta / Iris, Ámbar / Sándalo, Cuero, Cedro de Virginia, Papiro | H36: EDP | I36: EDP | K36: 2024 | L36: Alta (aprox. 8–10h) | M36: 52208 | N36: $52.208 | O36: Escribir por WhatsApp | P36: imagenes/stallion-53-emper.webp
A37: 36 | B37: EMPER | C37: UOMO INTENSE | D37: No | E37: Amaderado / Oud | F37: Masculino | G37: Hoja de Violeta, Pomelo, Vainilla / Palisandro, Notas Marinas, Lavanda, Violeta / Ámbar Gris, Vetiver, Amberwood | H37: EDP | I37: EDP | K37: Consultar | L37: Consultar | M37: 59577 | N37: $59.577 | O37: Escribir por WhatsApp | P37: imagenes/uomo-intense-emper.webp
A38: 37 | B38: FRAGRANCE WORLD | C38: TIRAMISU CARAMEL | D38: Sí | E38: Gourmand | F38: Unisex | G38: Café, Cacao, Caramelo Salado, Bizcocho, Vainilla | H38: EDP 100ML | I38: EDP | J38: 100 | K38: Consultar | L38: Consultar | N38: Consultar | O38: Escribir por WhatsApp
A39: 38 | B39: FRENCH AVENUE | C39: AETHER FRENCH AVE | D39: Sí | E39: Amaderado / Oud | F39: Unisex | G39: Manzana Verde, Bergamota, Cedro, Musgo, Guayaba | H39: EDP 100ML | I39: EDP | J39: 100 | K39: 2024 | L39: Moderada (aprox. 3–6h, varía) | M39: 62010 | N39: $62.010 | O39: Escribir por WhatsApp
A40: 39 | B40: FRENCH AVENUE | C40: LIQUID BRUN | D40: No | E40: Ámbar Oriental | F40: Unisex | G40: Canela, Cardamomo, Bourbon, Praliné, Maderas | H40: EDP 100ML | I40: EDP | J40: 100 | K40: 2024 | L40: Alta (6–8h) | M40: 106443 | N40: $106.443 | O40: Escribir por WhatsApp | P40: imagenes/liquid-brun-french-avenue.webp
A41: 40 | B41: FRENCH AVENUE | C41: LIQUID BRUN LIMITED EDITION | D41: No | E41: Gourmand | F41: Unisex | G41: Cardamomo, Cítricos, Lavanda / Azahar, Guayacán, Rosa / Vainilla, Tonka, Ámbar, Musgo de Roble | H41: EXTRAIT 150ML | I41: EXTRAIT | J41: 150 | K41: 2025 | L41: Muy alta (8–12h+) | M41: 145318 | N41: $145.318 | O41: Escribir por WhatsApp | P41: imagenes/liquid-brun-limited-edition-french-avenue.webp
A42: 41 | B42: FRENCH AVENUE | C42: SPECTRE GHOST | D42: No | E42: Amaderado / Oud | F42: Unisex | G42: Jengibre, Cardamomo, Bergamota, Lima / Pimienta Rosa, Grosella Negra, Rosa / Vainilla, Sándalo, Cedro, Pachulí | H42: EDP | I42: EDP | K42: 2023 | L42: Alta (6–8h) | M42: 97666 | N42: $97.666 | O42: Escribir por WhatsApp | P42: imagenes/spectre-ghost-french-avenue.webp
A43: 42 | B43: FRENCH AVENUE | C43: VENENO | D43: No | E43: Gourmand | F43: Unisex | G43: Manzana, Humo, Canela / Tabaco, Musgo / Vainilla Bourbon, Orcanox | H43: EDP | I43: EDP | K43: 2025 | L43: Muy alta (8–12h+) | M43: 113145 | N43: $113.145 | O43: Escribir por WhatsApp | P43: imagenes/veneno-french-avenue.webp
A44: 43 | B44: FRENCH AVENUE | C44: VULCAN BLACK FRIDAY | D44: No | E44: Amaderado / Oud | F44: Unisex | G44: Notas exactas no confirmadas; misma familia que Vulcan Feu (mango, especias, maderas) | H44: EDP | I44: EDP | K44: 2025 | L44: Alta (6–8h) | M44: 95997 | N44: $95.997 | O44: Escribir por WhatsApp | P44: imagenes/vulcan-black-friday-french-avenue.webp
A45: 44 | B45: FRENCH AVENUE | C45: VULCAN FEU | D45: No | E45: Floral | F45: Unisex | G45: Mango, Limón, Jengibre, Ruibarbo / Pimienta Rosa, Jazmín, Violeta, Praliné / Haba Tonka, Cedro, Ámbar Gris, Musgo | H45: EDP | I45: EDP | K45: 2025 | L45: Alta (6–8h) | M45: 118773 | N45: $118.773 | O45: Escribir por WhatsApp | P45: imagenes/vulcan-feu-french-avenue.webp
A46: 45 | B46: LATTAFA | C46: AJWAD LATTAFA | D46: Sí | E46: Gourmand | F46: Unisex | G46: Frutos Dulces, Rosa, Vainilla, Almizcle | H46: EDP 100ML | I46: EDP | J46: 100 | K46: 2021 | L46: Buena (aprox. 6–8h) | M46: 39567 | N46: $39.567 | O46: Escribir por WhatsApp | P46: imagenes/ajwad-lattafa-lattafa.webp
A47: 46 | B47: LATTAFA | C47: AL NOBLE AMEER | D47: No | E47: Amaderado / Oud | F47: Unisex | G47: Manzana, Pimienta, Romero, Oud, Pachulí | H47: EDP 100ML | I47: EDP | J47: 100 | K47: 2022 | L47: Muy alta (8–12h+) | N47: Consultar | O47: Escribir por WhatsApp
A48: 47 | B48: LATTAFA | C48: ANGHAM LATTAFA | D48: No | E48: Gourmand | F48: Unisex | G48: Jengibre, Mandarina, Praliné, Vainilla | H48: EDP 100ML | I48: EDP | J48: 100 | K48: 2024 | L48: Alta (6–8h) | M48: 64682 | N48: $64.682 | O48: Escribir por WhatsApp | P48: imagenes/angham-lattafa-lattafa.webp
A49: 48 | B49: LATTAFA | C49: ART OF UNIVERSE | D49: No | E49: Cítrico / Fresco | F49: Unisex | G49: Mandarina, Jengibre, Bergamota, Menta / Pera, Azahar / Almizcle, Ámbar, Cedro | H49: EDP 100ML | I49: EDP | J49: 100 | K49: 2025 | L49: Muy alta (8–12h+) | M49: 85956 | N49: $85.956 | O49: Escribir por WhatsApp | P49: imagenes/art-of-universe-lattafa.webp
A50: 49 | B50: LATTAFA | C50: ASAD | D50: No | E50: Oriental | F50: Masculino | G50: Pimienta Negra, Tabaco, Piña / Pachulí, Café, Iris / Vainilla, Ámbar, Madera Seca, Benjuí, Ládano | H50: EDP 100ML | I50: EDP | J50: 100 | K50: 2021 | L50: Muy alta (8–12h+) | M50: 72003 | N50: $72.003 | O50: Escribir por WhatsApp | P50: imagenes/asad-lattafa.webp
A51: 50 | B51: LATTAFA | C51: ASAD BOURBON | D51: No | E51: Gourmand | F51: Masculino | G51: Vainilla Bourbon, Cacao, Especias Cálidas, Roble | H51: EDP 100ML | I51: EDP | J51: 100 | K51: 2025 | L51: Muy alta (8–12h+) | M51: 91680 | N51: $91.680 | O51: Escribir por WhatsApp | P51: imagenes/asad-bourbon-lattafa.webp
A52: 51 | B52: LATTAFA | C52: ASAD ELIXIR | D52: No | E52: Ámbar Oriental | F52: Masculino | G52: Especias Oscuras, Resinas, Madera Ahumada, Vainilla | H52: ELIXIR 100ML | I52: ELIXIR | J52: 100 | K52: 2025 | L52: Muy alta (8–12h+) | M52: 86265 | N52: $86.265 | O52: Escribir por WhatsApp | P52: imagenes/asad-elixir-lattafa.webp
A53: 52 | B53: LATTAFA | C53: ASAD ZANZIBAR | D53: No | E53: Acuático / Marino | F53: Masculino | G53: Pimienta Negra, Agua de Coco, Iris, Vainilla | H53: EDP 100ML | I53: EDP | J53: 100 | K53: 2024 | L53: Alta (6–8h) | M53: 59338 | N53: $59.338 | O53: Escribir por WhatsApp | P53: imagenes/asad-zanzibar-lattafa.webp
A54: 53 | B54: LATTAFA | C54: ATLAS LATTAFA | D54: No | E54: Aromático Acuático | F54: Unisex | G54: Sal, Notas Marinas, Limón / Iris, Davana / Ámbar Gris, Sándalo, Musgo de Roble | H54: EDP 55ML | I54: EDP | J54: 55 | K54: 2024 | L54: Muy alta (8–12h+) | M54: 76606 | N54: $76.606 | O54: Escribir por WhatsApp | P54: imagenes/atlas-lattafa-lattafa.webp
A55: 54 | B55: LATTAFA | C55: BADEE AL OUD AMETHYST | D55: No | E55: Floral | F55: Unisex | G55: Pimienta Rosa, Bergamota / Rosa Turca, Rosa Búlgara, Jazmín / Oud, Ámbar, Vainilla | H55: EDP 100ML | I55: EDP | J55: 100 | K55: 2021 | L55: Muy alta (8–12h+) | M55: 50372 | N55: $50.372 | O55: Escribir por WhatsApp | P55: imagenes/badee-al-oud-amethyst-lattafa.webp
A56: 55 | B56: LATTAFA | C56: BADEE AL OUD FOR GLORY | D56: No | E56: Amaderado / Oud | F56: Unisex | G56: Azafrán, Nuez Moscada, Lavanda / Oud, Pachulí / Oud, Pachulí, Almizcle | H56: EDP 100ML | I56: EDP | J56: 100 | K56: 2020 | L56: Alta (6–8h) | M56: 52113 | N56: $52.113 | O56: Escribir por WhatsApp | P56: imagenes/badee-al-oud-for-glory-lattafa.webp
A57: 56 | B57: LATTAFA | C57: BADEE AL OUD NOBLE BLUSH | D57: No | E57: Gourmand | F57: Unisex | G57: Leche de Rosas / Almendra, Merengue / Sándalo, Vainilla, Almizcle | H57: EDP 100ML | I57: EDP | J57: 100 | K57: 2024 | L57: Alta (6–8h) | M57: 57813 | N57: $57.813 | O57: Escribir por WhatsApp | P57: imagenes/badee-al-oud-noble-blush-lattafa.webp
A58: 57 | B58: LATTAFA | C58: BADEE AL OUD SUBLIME | D58: No | E58: Frutal | F58: Unisex | G58: Manzana, Lichi, Rosa / Ciruela, Jazmín / Musgo, Vainilla, Pachulí | H58: EDP 100ML | I58: EDP | J58: 100 | K58: 2023 | L58: Alta (6–8h) | M58: 54903 | N58: $54.903 | O58: Escribir por WhatsApp | P58: imagenes/badee-al-oud-sublime-lattafa.webp
A59: 58 | B59: LATTAFA | C59: CONFIDENTIAL GOLD | D59: No | E59: Frutal | F59: Unisex | G59: Melocotón, Maracuyá, Pera, Vainilla | H59: EDP 100ML | I59: EDP | J59: 100 | K59: 2020 | L59: Moderada (4–6h) | M59: 46389 | N59: $46.389 | O59: Escribir por WhatsApp | P59: imagenes/confidential-gold-lattafa.webp
A60: 59 | B60: LATTAFA | C60: COPA DEL MUNDO | D60: No | E60: Oriental Amaderado | F60: Unisex | G60: Notas exactas no confirmadas en fuentes públicas | H60: EDP | I60: EDP | K60: Consultar | L60: Consultar | M60: 159747 | N60: $159.747 | O60: Escribir por WhatsApp | P60: imagenes/copa-del-mundo-lattafa.webp
A61: 60 | B61: LATTAFA | C61: ECLAIRE | D61: No | E61: Gourmand | F61: Unisex | G61: Caramelo, Leche, Miel, Flores Blancas, Praliné | H61: EDP 100ML | I61: EDP | J61: 100 | K61: 2024 | L61: Alta (6–8h) | M61: 94827 | N61: $94.827 | O61: Escribir por WhatsApp | P61: imagenes/eclaire-lattafa.webp
A62: 61 | B62: LATTAFA | C62: EMAAN LATTAFA | D62: No | E62: Floral | F62: Femenino | G62: Azahar, Nardo, Pachulí, Vainilla | H62: EDP 100ML | I62: EDP | J62: 100 | K62: 2022 | L62: Alta (6–8h) | M62: 54236 | N62: $54.236 | O62: Escribir por WhatsApp | P62: imagenes/emaan-lattafa-lattafa.webp
A63: 62 | B63: LATTAFA | C63: EMEER | D63: No | E63: Cítrico / Fresco | F63: Unisex | G63: Bergamota, Limón, Té Verde, Sándalo | H63: EDP 100ML | I63: EDP | J63: 100 | K63: 2024 | L63: Alta (6–8h) | N63: Consultar | O63: Escribir por WhatsApp
A64: 63 | B64: LATTAFA | C64: FAKHAR BLACK | D64: No | E64: Gourmand | F64: Unisex | G64: Manzana, Jengibre, Bergamota, Salvia, Tonka | H64: EDP 100ML | I64: EDP | J64: 100 | K64: 2022 | L64: Alta (6–8h) | M64: 65826 | N64: $65.826 | O64: Escribir por WhatsApp | P64: imagenes/fakhar-black-lattafa.webp
A65: 64 | B65: LATTAFA | C65: FAKHAR GOLD | D65: No | E65: Amaderado / Oud | F65: Unisex | G65: Toronja, Manzana, Vetiver, Ámbar | H65: EDP 100ML | I65: EDP | J65: 100 | K65: 2023 | L65: Alta (6–8h) | M65: 58384 | N65: $58.384 | O65: Escribir por WhatsApp | P65: imagenes/fakhar-gold-lattafa.webp
A66: 65 | B66: LATTAFA | C66: FAKHAR ROSA | D66: No | E66: Floral | F66: Femenino | G66: Lirio, Nardo, Azahar, Granada, Vainilla | H66: EDP 100ML | I66: EDP | J66: 100 | K66: 2022 | L66: Alta (6–8h) | M66: 75939 | N66: $75.939 | O66: Escribir por WhatsApp | P66: imagenes/fakhar-rosa-lattafa.webp
A67: 66 | B67: LATTAFA | C67: FAKHAR SILVER | D67: No | E67: Amaderado / Oud | F67: Unisex | G67: Bergamota, Cardamomo, Maderas, Almizcle | H67: EDP 100ML | I67: EDP | J67: 100 | K67: Consultar | L67: Consultar | M67: 54592 | N67: $54.592 | O67: Escribir por WhatsApp | P67: imagenes/fakhar-silver-lattafa.webp
A68: 67 | B68: LATTAFA | C68: HABIK FOR MEN | D68: No | E68: Amaderado / Oud | F68: Masculino | G68: Cardamomo, Pimienta, Artemisia, Bergamota / Lavanda, Canela, Salvia / Sándalo, Pachulí, Haba Tonka, Amberwood, Almizcle | H68: EDP 100ML | I68: EDP | J68: 100 | K68: 2025 | L68: Alta (6–8h) | M68: 56024 | N68: $56.024 | O68: Escribir por WhatsApp | P68: imagenes/habik-for-men-lattafa.webp
A69: 68 | B69: LATTAFA | C69: HAYA | D69: No | E69: Floral | F69: Femenino | G69: Champaña Rosada, Fresa, Orquídea, Rosa, Vainilla | H69: EDP 100ML | I69: EDP | J69: 100 | K69: 2022 | L69: Alta (6–8h) | M69: 68974 | N69: $68.974 | O69: Escribir por WhatsApp | P69: imagenes/haya-lattafa.webp
A70: 69 | B70: LATTAFA | C70: HAYAATI | D70: No | E70: Amaderado / Oud | F70: Unisex | G70: Manzana, Bergamota / Canela, Maderas / Almizcle, Vainilla | H70: EDP 100ML | I70: EDP | J70: 100 | K70: 2020 | L70: Alta (6–8h) | M70: 38280 | N70: $38.280 | O70: Escribir por WhatsApp | P70: imagenes/hayaati-lattafa.webp
A71: 70 | B71: LATTAFA | C71: HAYAATI AL MALEKI | D71: No | E71: Amaderado / Oud | F71: Unisex | G71: Nuez Moscada, Pimienta Rosa, Bergamota, Jengibre / Cedro, Incienso, Labdanum / Almizcle, Ámbar, Ámbar Gris | H71: EDP 100ML | I71: EDP | J71: 100 | K71: 2022 | L71: Alta (6–8h) | M71: 47247 | N71: $47.247 | O71: Escribir por WhatsApp | P71: imagenes/hayaati-al-maleki-lattafa.webp
A72: 71 | B72: LATTAFA | C72: HAYAATI ROSA | D72: No | E72: Gourmand | F72: Femenino | G72: Frutos del Bosque, Rosa Dulce, Vainilla | H72: EDP 100ML | I72: EDP | J72: 100 | K72: Consultar | L72: Consultar | M72: 43980 | N72: $43.980 | O72: Escribir por WhatsApp | P72: imagenes/hayaati-rosa-lattafa.webp
A73: 72 | B73: LATTAFA | C73: HER CONFESSION | D73: No | E73: Gourmand | F73: Unisex | G73: Canela, Mística Floral, Incienso, Vainilla | H73: EDP 100ML | I73: EDP | J73: 100 | K73: 2024 | L73: Alta (6–8h) | M73: 84048 | N73: $84.048 | O73: Escribir por WhatsApp | P73: imagenes/her-confession-lattafa.webp
A74: 73 | B74: LATTAFA | C74: HIS CONFESSION | D74: No | E74: Gourmand | F74: Unisex | G74: Mandarina, Canela, Iris, Cacao, Tonka | H74: EDP 100ML | I74: EDP | J74: 100 | K74: 2024 | L74: Alta (6–8h) | M74: 81543 | N74: $81.543 | O74: Escribir por WhatsApp | P74: imagenes/his-confession-lattafa.webp
A75: 74 | B75: LATTAFA | C75: HONOR AND GLORY | D75: No | E75: Gourmand | F75: Unisex | G75: Piña Braseada, Crème Brûlée, Canela, Vainilla | H75: EDP 100ML | I75: EDP | J75: 100 | K75: 2023 | L75: Alta (6–8h) | M75: 54402 | N75: $54.402 | O75: Escribir por WhatsApp | P75: imagenes/honor-and-glory-lattafa.webp
A76: 75 | B76: LATTAFA | C76: KHAMRAH | D76: No | E76: Oriental Especiada | F76: Unisex | G76: Canela, Nuez Moscada, Bergamota / Dátiles, Praliné, Lirio de los Valles, Nardos / Tonka Tostada, Benjuí, Mirra, Vainilla, Ámbar, Akigalawood | H76: EDP 100ML | I76: EDP | J76: 100 | K76: 2022 | L76: Muy alta (8–12h+) | M76: 63226 | N76: $63.226 | O76: Escribir por WhatsApp | P76: imagenes/khamrah-lattafa.webp
A77: 76 | B77: LATTAFA | C77: KHAMRAH DUKHAN | D77: No | E77: Oriental Especiada | F77: Unisex | G77: Especias, Pimiento Morrón, Mandarina / Incienso, Ládano, Pachulí, Flor de Azahar de Naranjo / Tabaco, Praliné, Ámbar, Haba Tonka, Benjuí | H77: EDP 100ML | I77: EDP | J77: 100 | K77: 2025 | L77: Muy alta (8–12h+) | M77: 55118 | N77: $55.118 | O77: Escribir por WhatsApp | P77: imagenes/khamrah-dukhan-lattafa.webp
A78: 77 | B78: LATTAFA | C78: KHAMRAH QAHWA | D78: No | E78: Oriental Vainilla | F78: Unisex | G78: Canela, Cardamomo, Jengibre / Praliné, Frutas Confitadas, Flores Blancas / Vainilla, Café, Haba Tonka, Benjuí, Almizcle | H78: EDP 100ML | I78: EDP | J78: 100 | K78: 2023 | L78: Muy alta (8–12h+) | M78: 57956 | N78: $57.956 | O78: Escribir por WhatsApp | P78: imagenes/khamrah-qahwa-lattafa.webp
A79: 78 | B79: LATTAFA | C79: KHAMRAH WAHA | D79: No | E79: Gourmand | F79: Unisex | G79: Bergamota, Yuzu, Enebro, Jengibre / Pepino, Sal Marina, Iris, Salvia / Vainilla, Haba Tonka, Almizcle, Akigalawood | H79: EDP 100ML | I79: EDP | J79: 100 | K79: 2026 | L79: Muy alta (8–12h+) | M79: 144746 | N79: $144.746 | O79: Escribir por WhatsApp | P79: imagenes/khamrah-waha-lattafa.webp
A80: 79 | B80: LATTAFA | C80: KHANJAR | D80: No | E80: Amaderado / Oud | F80: Unisex | G80: Nuez Moscada, Azafrán, Cuero, Oud, Pachulí | H80: EDP 100ML | I80: EDP | J80: 100 | K80: 2023 | L80: Alta (6–8h) | M80: 113502 | N80: $113.502 | O80: Escribir por WhatsApp | P80: imagenes/khanjar-lattafa.webp
A81: 80 | B81: LATTAFA | C81: KIT ART OF UNIVERSE | D81: No | E81: Oriental Amaderado | F81: Unisex | G81: Perfume 100ml + Travel Spray + Gel | H81: GIFT SET | I81: GIFT SET | K81: Consultar | L81: Consultar | N81: Consultar | O81: Escribir por WhatsApp
A82: 81 | B82: LATTAFA | C82: KIT ASAD | D82: No | E82: Oriental Amaderado | F82: Masculino | G82: Asad EDP 100ml + Deodorant Spray | H82: GIFT SET | I82: GIFT SET | K82: Consultar | L82: Consultar | N82: Consultar | O82: Escribir por WhatsApp
A83: 82 | B83: LATTAFA | C83: KIT PISA | D83: No | E83: Oriental Amaderado | F83: Unisex | G83: Perfume Especial + Atomizador | H83: GIFT SET | I83: GIFT SET | K83: Consultar | L83: Consultar | N83: Consultar | O83: Escribir por WhatsApp
A84: 83 | B84: LATTAFA | C84: KIT YARA | D84: No | E84: Floral | F84: Femenino | G84: Yara Rosa EDP 100ml + Body Spray | H84: GIFT SET | I84: GIFT SET | K84: Consultar | L84: Consultar | N84: Consultar | O84: Escribir por WhatsApp
A85: 84 | B85: LATTAFA | C85: MAYAR | D85: No | E85: Floral | F85: Unisex | G85: Lichi, Frambuesa, Hoja de Violeta / Rosa Blanca, Peonía, Jazmín / Almizcle, Vainilla | H85: EDP 100ML | I85: EDP | J85: 100 | K85: 2022 | L85: Moderada-Alta (5–7h) | M85: 54544 | N85: $54.544 | O85: Escribir por WhatsApp | P85: imagenes/mayar-lattafa.webp
A86: 85 | B86: LATTAFA | C86: MAYAR CHERRY INTENSE | D86: No | E86: Gourmand | F86: Unisex | G86: Cereza Negra, Almendra Amarga, Vainilla | H86: EDP 100ML | I86: EDP | J86: 100 | K86: 2024 | L86: Moderada (4–6h) | M86: 50848 | N86: $50.848 | O86: Escribir por WhatsApp | P86: imagenes/mayar-cherry-intense-lattafa.webp
A87: 86 | B87: LATTAFA | C87: MAYAR NATURAL | D87: No | E87: Acuático / Marino | F87: Unisex | G87: Agua de Coco, Melón, Lotus, Sándalo | H87: EDP 100ML | I87: EDP | J87: 100 | K87: 2024 | L87: Moderada (4–6h) | N87: Consultar | O87: Escribir por WhatsApp
A88: 87 | B88: LATTAFA | C88: MAYAR NATURAL INTENSE | D88: No | E88: Acuático / Marino | F88: Unisex | G88: Mandarina Verde, Higo, Agua de Coco, Melón / Loto, Nenúfar, Jazmín / Almizcle, Ambroxan, Vainilla, Sándalo | H88: EDP 100ML | I88: EDP | J88: 100 | K88: 2024 | L88: Moderada (4–6h) | M88: 51921 | N88: $51.921 | O88: Escribir por WhatsApp | P88: imagenes/mayar-natural-intense-lattafa.webp
A89: 88 | B89: LATTAFA | C89: MAYAR PISA PRIVE | D89: No | E89: Floral | F89: Unisex | G89: Mango, Higo, Flor de Azahar, Ámbar | H89: EDP 100ML | I89: EDP | J89: 100 | K89: Consultar | L89: Consultar | M89: 102292 | N89: $102.292 | O89: Escribir por WhatsApp | P89: imagenes/mayar-pisa-prive-lattafa.webp
A90: 89 | B90: LATTAFA | C90: MUSAMAN BLACK | D90: No | E90: Aromático Fougère | F90: Unisex | G90: Lavanda, Nuez Moscada, Salvia, Bergamota / Cedro, Geranio, Rosyfolia / Cacao, Haba Tonka, Arce, Pachulí | H90: EDP 100ML | I90: EDP | J90: 100 | K90: 2025 | L90: Muy alta (8–12h+) | M90: 94923 | N90: $94.923 | O90: Escribir por WhatsApp | P90: imagenes/musaman-black-lattafa.webp
A91: 90 | B91: LATTAFA | C91: MUSAMAN WHITE | D91: No | E91: Ámbar Oriental | F91: Unisex | G91: Especias, Bergamota, Naranja / Coco, Ylang Ylang, Ambroxan / Sándalo, Almizcle, Benzoin | H91: EDP 100ML | I91: EDP | J91: 100 | K91: 2023 | L91: Alta (6–8h) | M91: 111117 | N91: $111.117 | O91: Escribir por WhatsApp | P91: imagenes/musaman-white-lattafa.webp
A92: 91 | B92: LATTAFA | C92: NEBRAS PRIDE | D92: No | E92: Gourmand | F92: Unisex | G92: Frutos Rojos, Mandarina, Cacao, Vainilla | H92: EDP 100ML | I92: EDP | J92: 100 | K92: 2022 | L92: Alta (6–8h) | M92: 80900 | N92: $80.900 | O92: Escribir por WhatsApp | P92: imagenes/nebras-pride-lattafa.webp
A93: 92 | B93: LATTAFA | C93: NOBLE BLUSH | D93: No | E93: Gourmand | F93: Unisex | G93: Leche Almendras, Rosas, Merengue, Vainilla | H93: EDP 100ML | I93: EDP | J93: 100 | K93: 2024 | L93: Alta (6–8h) | N93: Consultar | O93: Escribir por WhatsApp
A94: 93 | B94: LATTAFA | C94: OPULET DUBAI | D94: No | E94: Amaderado / Oud | F94: Unisex | G94: Azafrán Dorado, Rosa, Maderas | H94: EDP 100ML | I94: EDP | J94: 100 | K94: 2025 | L94: Moderada (4–6h) | M94: 47343 | N94: $47.343 | O94: Escribir por WhatsApp | P94: imagenes/opulet-dubai-lattafa.webp
A95: 94 | B95: LATTAFA | C95: PISA | D95: No | E95: Cítrico / Fresco | F95: Unisex | G95: Mandarina, Limón, Bergamota / Cedro / Sándalo, Ámbar | H95: EDP 100ML | I95: EDP | J95: 100 | K95: 2024 | L95: Moderada-Alta (5–7h) | M95: 102292 | N95: $102.292 | O95: Escribir por WhatsApp | P95: imagenes/pisa-lattafa.webp
A96: 95 | B96: LATTAFA | C96: QAED AL FURSAN | D96: No | E96: Ámbar Oriental | F96: Masculino | G96: Piña Jugosa, Azafrán, Jazmín, Bálsamo de Abeto | H96: EDP 100ML | I96: EDP | J96: 100 | K96: 2016 | L96: Alta (6–8h) | M96: 44838 | N96: $44.838 | O96: Escribir por WhatsApp | P96: imagenes/qaed-al-fursan-lattafa.webp
A97: 96 | B97: LATTAFA | C97: QAED UNLIMITED | D97: No | E97: Amaderado / Oud | F97: Masculino | G97: Bergamota, Frambuesa, Manzana, Abedul / Jazmín, Pachulí, Rosa / Ámbar Gris, Vainilla, Musgo de Roble, Almizcle | H97: EDP 90ML | I97: EDP | J97: 90 | K97: 2022 | L97: Alta (6–8h) | M97: 36418 | N97: $36.418 | O97: Escribir por WhatsApp | P97: imagenes/qaed-unlimited-lattafa.webp
A98: 97 | B98: LATTAFA | C98: QAED UNTAMED | D98: No | E98: Ámbar Oriental | F98: Masculino | G98: Cuero Oriental, Especias Silvestres, Oud, Ámbar | H98: EDP 100ML | I98: EDP | J98: 100 | K98: 2025 | L98: Alta (6–8h) | M98: 37206 | N98: $37.206 | O98: Escribir por WhatsApp | P98: imagenes/qaed-untamed-lattafa.webp
A99: 98 | B99: LATTAFA | C99: TERIAQ | D99: No | E99: Amaderado / Oud | F99: Unisex | G99: Bergamota, Pimienta Rosa / Incienso, Cedro / Ámbar, Almizcle | H99: EDP 100ML | I99: EDP | J99: 100 | K99: 2024 | L99: Moderada-Alta (5–7h) | M99: 62535 | N99: $62.535 | O99: Escribir por WhatsApp | P99: imagenes/teriaq-lattafa.webp
A100: 99 | B100: LATTAFA | C100: TERIAQ INTENSE | D100: No | E100: Ámbar Oriental | F100: Unisex | G100: Azafrán, Bergamota / Ciruela Licor, Canela / Ámbar, Haba Tonka, Benzoin | H100: EDP 100ML | I100: EDP | J100: 100 | K100: 2024 | L100: Muy alta (8–12h+) | M100: 81567 | N100: $81.567 | O100: Escribir por WhatsApp | P100: imagenes/teriaq-intense-lattafa.webp
...

Sheet Casas
A1: Resumen por casa
A3: Casa | B3: Descripción | C3: Cantidad de fragancias | D3: Con precio publicado | E3: Precio mínimo (ARS) | F3: Precio máximo (ARS) | G3: Precio promedio (ARS)
A4: AFNAN | B4: Modernidad árabe con acentos nocturnos: una firma audaz que no pide permiso. | C4: =COUNTIF(Productos!$B$2:$B$148,A4) -> 8 | D4: =COUNTIFS(Productos!$B$2:$B$148,A4,Productos!$M$2:$M$148,"<>") -> 7 | E4: =IF(D4=0,"Consultar",_xlfn.MINIFS(Productos!$M$2:$M$148,Productos!$B$2:$B$148,A4)) -> 70000 | F4: =IF(D4=0,"Consultar",_xlfn.MAXIFS(Productos!$M$2:$M$148,Productos!$B$2:$B$148,A4)) -> 140763 | G4: =IF(D4=0,"Consultar",AVERAGEIFS(Productos!$M$2:$M$148,Productos!$B$2:$B$148,A4)) -> 95332
A5: AL HARAMAIN | B5: Perfumería saudí de tradición centenaria, maestra del oud denso y el ámbar oriental. | C5: =COUNTIF(Productos!$B$2:$B$148,A5) -> 3 | D5: =COUNTIFS(Productos!$B$2:$B$148,A5,Productos!$M$2:$M$148,"<>") -> 3 | E5: =IF(D5=0,"Consultar",_xlfn.MINIFS(Productos!$M$2:$M$148,Productos!$B$2:$B$148,A5)) -> 122112 | F5: =IF(D5=0,"Consultar",_xlfn.MAXIFS(Productos!$M$2:$M$148,Productos!$B$2:$B$148,A5)) -> 131103 | G5: =IF(D5=0,"Consultar",AVERAGEIFS(Productos!$M$2:$M$148,Productos!$B$2:$B$148,A5)) -> 126301.67
A6: AL WATANIAH | B6: Tradición floral del Golfo, expresada con una delicadeza atemporal. | C6: =COUNTIF(Productos!$B$2:$B$148,A6) -> 1 | D6: =COUNTIFS(Productos!$B$2:$B$148,A6,Productos!$M$2:$M$148,"<>") -> 1 | E6: =IF(D6=0,"Consultar",_xlfn.MINIFS(Productos!$M$2:$M$148,Productos!$B$2:$B$148,A6)) -> 45696 | F6: =IF(D6=0,"Consultar",_xlfn.MAXIFS(Productos!$M$2:$M$148,Productos!$B$2:$B$148,A6)) -> 45696 | G6: =IF(D6=0,"Consultar",AVERAGEIFS(Productos!$M$2:$M$148,Productos!$B$2:$B$148,A6)) -> 45696
A7: ARMAF | B7: El poder de una noche inolvidable, embotellado: cítricos vibrantes y una estela imposible de ignorar. | C7: =COUNTIF(Productos!$B$2:$B$148,A7) -> 18 | D7: =COUNTIFS(Productos!$B$2:$B$148,A7,Productos!$M$2:$M$148,"<>") -> 18 | E7: =IF(D7=0,"Consultar",_xlfn.MINIFS(Productos!$M$2:$M$148,Productos!$B$2:$B$148,A7)) -> 56120 | F7: =IF(D7=0,"Consultar",_xlfn.MAXIFS(Productos!$M$2:$M$148,Productos!$B$2:$B$148,A7)) -> 139785 | G7: =IF(D7=0,"Consultar",AVERAGEIFS(Productos!$M$2:$M$148,Productos!$B$2:$B$148,A7)) -> 87766.889
A8: ASDAAF | C8: =COUNTIF(Productos!$B$2:$B$148,A8) -> 2 | D8: =COUNTIFS(Productos!$B$2:$B$148,A8,Productos!$M$2:$M$148,"<>") -> 2 | E8: =IF(D8=0,"Consultar",_xlfn.MINIFS(Productos!$M$2:$M$148,Productos!$B$2:$B$148,A8)) -> 47938 | F8: =IF(D8=0,"Consultar",_xlfn.MAXIFS(Productos!$M$2:$M$148,Productos!$B$2:$B$148,A8)) -> 52995 | G8: =IF(D8=0,"Consultar",AVERAGEIFS(Productos!$M$2:$M$148,Productos!$B$2:$B$148,A8)) -> 50466.5
A9: BHARARA | C9: =COUNTIF(Productos!$B$2:$B$148,A9) -> 2 | D9: =COUNTIFS(Productos!$B$2:$B$148,A9,Productos!$M$2:$M$148,"<>") -> 2 | E9: =IF(D9=0,"Consultar",_xlfn.MINIFS(Productos!$M$2:$M$148,Productos!$B$2:$B$148,A9)) -> 142695 | F9: =IF(D9=0,"Consultar",_xlfn.MAXIFS(Productos!$M$2:$M$148,Productos!$B$2:$B$148,A9)) -> 180258 | G9: =IF(D9=0,"Consultar",AVERAGEIFS(Productos!$M$2:$M$148,Productos!$B$2:$B$148,A9)) -> 161476.5
A10: EMPER | B10: Maderas y cuero de carácter clásico, para quien no necesita levantar la voz. | C10: =COUNTIF(Productos!$B$2:$B$148,A10) -> 2 | D10: =COUNTIFS(Productos!$B$2:$B$148,A10,Productos!$M$2:$M$148,"<>") -> 2 | E10: =IF(D10=0,"Consultar",_xlfn.MINIFS(Productos!$M$2:$M$148,Productos!$B$2:$B$148,A10)) -> 52208 | F10: =IF(D10=0,"Consultar",_xlfn.MAXIFS(Productos!$M$2:$M$148,Productos!$B$2:$B$148,A10)) -> 59577 | G10: =IF(D10=0,"Consultar",AVERAGEIFS(Productos!$M$2:$M$148,Productos!$B$2:$B$148,A10)) -> 55892.5
A11: FRAGRANCE WORLD | B11: Gourmands golosos: el placer convertido en fragancia. | C11: =COUNTIF(Productos!$B$2:$B$148,A11) -> 1 | D11: =COUNTIFS(Productos!$B$2:$B$148,A11,Productos!$M$2:$M$148,"<>") -> 0 | E11: =IF(D11=0,"Consultar",_xlfn.MINIFS(Productos!$M$2:$M$148,Productos!$B$2:$B$148,A11)) -> Consultar | F11: =IF(D11=0,"Consultar",_xlfn.MAXIFS(Productos!$M$2:$M$148,Productos!$B$2:$B$148,A11)) -> Consultar | G11: =IF(D11=0,"Consultar",AVERAGEIFS(Productos!$M$2:$M$148,Productos!$B$2:$B$148,A11)) -> Consultar
A12: FRENCH AVENUE | B12: El romance parisino, reinterpretado en clave oriental. | C12: =COUNTIF(Productos!$B$2:$B$148,A12) -> 7 | D12: =COUNTIFS(Productos!$B$2:$B$148,A12,Productos!$M$2:$M$148,"<>") -> 7 | E12: =IF(D12=0,"Consultar",_xlfn.MINIFS(Productos!$M$2:$M$148,Productos!$B$2:$B$148,A12)) -> 62010 | F12: =IF(D12=0,"Consultar",_xlfn.MAXIFS(Productos!$M$2:$M$148,Productos!$B$2:$B$148,A12)) -> 145318 | G12: =IF(D12=0,"Consultar",AVERAGEIFS(Productos!$M$2:$M$148,Productos!$B$2:$B$148,A12)) -> 105621.71
A13: LATTAFA | B13: La casa más prolífica de la alta perfumería árabe — un universo dentro del catálogo. | C13: =COUNTIF(Productos!$B$2:$B$148,A13) -> 63 | D13: =COUNTIFS(Productos!$B$2:$B$148,A13,Productos!$M$2:$M$148,"<>") -> 55 | E13: =IF(D13=0,"Consultar",_xlfn.MINIFS(Productos!$M$2:$M$148,Productos!$B$2:$B$148,A13)) -> 36418 | F13: =IF(D13=0,"Consultar",_xlfn.MAXIFS(Productos!$M$2:$M$148,Productos!$B$2:$B$148,A13)) -> 159747 | G13: =IF(D13=0,"Consultar",AVERAGEIFS(Productos!$M$2:$M$148,Productos!$B$2:$B$148,A13)) -> 68569.273
A14: MAISON ALHAMBRA | B14: Elegancia europea de inspiración francesa, pulida hasta el último detalle. | C14: =COUNTIF(Productos!$B$2:$B$148,A14) -> 24 | D14: =COUNTIFS(Productos!$B$2:$B$148,A14,Productos!$M$2:$M$148,"<>") -> 21 | E14: =IF(D14=0,"Consultar",_xlfn.MINIFS(Productos!$M$2:$M$148,Productos!$B$2:$B$148,A14)) -> 34344 | F14: =IF(D14=0,"Consultar",_xlfn.MAXIFS(Productos!$M$2:$M$148,Productos!$B$2:$B$148,A14)) -> 80446 | G14: =IF(D14=0,"Consultar",AVERAGEIFS(Productos!$M$2:$M$148,Productos!$B$2:$B$148,A14)) -> 52335.952
A15: OTROS PRODUCTOS Y ACCESORIOS | B15: Complementos y presentaciones especiales para completar la experiencia Altiva. | C15: =COUNTIF(Productos!$B$2:$B$148,A15) -> 2 | D15: =COUNTIFS(Productos!$B$2:$B$148,A15,Productos!$M$2:$M$148,"<>") -> 2 | E15: =IF(D15=0,"Consultar",_xlfn.MINIFS(Productos!$M$2:$M$148,Productos!$B$2:$B$148,A15)) -> 15861 | F15: =IF(D15=0,"Consultar",_xlfn.MAXIFS(Productos!$M$2:$M$148,Productos!$B$2:$B$148,A15)) -> 26926 | G15: =IF(D15=0,"Consultar",AVERAGEIFS(Productos!$M$2:$M$148,Productos!$B$2:$B$148,A15)) -> 21393.5
A16: RASASI | B16: Herencia emiratí convertida en ícono: la saga Hawas y su magnetismo marino. | C16: =COUNTIF(Productos!$B$2:$B$148,A16) -> 8 | D16: =COUNTIFS(Productos!$B$2:$B$148,A16,Productos!$M$2:$M$148,"<>") -> 8 | E16: =IF(D16=0,"Consultar",_xlfn.MINIFS(Productos!$M$2:$M$148,Productos!$B$2:$B$148,A16)) -> 66994 | F16: =IF(D16=0,"Consultar",_xlfn.MAXIFS(Productos!$M$2:$M$148,Productos!$B$2:$B$148,A16)) -> 102936 | G16: =IF(D16=0,"Consultar",AVERAGEIFS(Productos!$M$2:$M$148,Productos!$B$2:$B$148,A16)) -> 90543.625
A17: RAVE | C17: =COUNTIF(Productos!$B$2:$B$148,A17) -> 1 | D17: =COUNTIFS(Productos!$B$2:$B$148,A17,Productos!$M$2:$M$148,"<>") -> 1 | E17: =IF(D17=0,"Consultar",_xlfn.MINIFS(Productos!$M$2:$M$148,Productos!$B$2:$B$148,A17)) -> 54807 | F17: =IF(D17=0,"Consultar",_xlfn.MAXIFS(Productos!$M$2:$M$148,Productos!$B$2:$B$148,A17)) -> 54807 | G17: =IF(D17=0,"Consultar",AVERAGEIFS(Productos!$M$2:$M$148,Productos!$B$2:$B$148,A17)) -> 54807
A18: RAYHAAN | B18: Frescura tropical con alma especiada, para climas y ánimos intensos. | C18: =COUNTIF(Productos!$B$2:$B$148,A18) -> 4 | D18: =COUNTIFS(Productos!$B$2:$B$148,A18,Productos!$M$2:$M$148,"<>") -> 4 | E18: =IF(D18=0,"Consultar",_xlfn.MINIFS(Productos!$M$2:$M$148,Productos!$B$2:$B$148,A18)) -> 88912 | F18: =IF(D18=0,"Consultar",_xlfn.MAXIFS(Productos!$M$2:$M$148,Productos!$B$2:$B$148,A18)) -> 134204 | G18: =IF(D18=0,"Consultar",AVERAGEIFS(Productos!$M$2:$M$148,Productos!$B$2:$B$148,A18)) -> 102375.75
A19: XERJOFF | B19: Alta perfumería italiana de nicho: artesanía, rareza y materias primas excepcionales. | C19: =COUNTIF(Productos!$B$2:$B$148,A19) -> 1 | D19: =COUNTIFS(Productos!$B$2:$B$148,A19,Productos!$M$2:$M$148,"<>") -> 1 | E19: =IF(D19=0,"Consultar",_xlfn.MINIFS(Productos!$M$2:$M$148,Productos!$B$2:$B$148,A19)) -> 410697 | F19: =IF(D19=0,"Consultar",_xlfn.MAXIFS(Productos!$M$2:$M$148,Productos!$B$2:$B$148,A19)) -> 410697 | G19: =IF(D19=0,"Consultar",AVERAGEIFS(Productos!$M$2:$M$148,Productos!$B$2:$B$148,A19)) -> 410697
A20: TOTAL | B20: Suma de todas las casas | C20: =SUM(C4:C19) -> 147 | D20: =SUM(D4:D19) -> 134 | E20: =MIN(Productos!$M$2:$M$148) -> 15861 | F20: =MAX(Productos!$M$2:$M$148) -> 410697 | G20: =AVERAGE(Productos!$M$2:$M$148) -> 78054.179
A22: Control: el total de fragancias coincide con la hoja Productos | C22: =IF(C20=COUNTA(Productos!$C$2:$C$148),"OK","REVISAR") -> OK

Sheet Info
A1: Altiva Essentia · Catálogo de fragancias
A3: Marca | B3: ALTIVA ESSENTIA
A4: Eslogan | B4: Sofisticación, proyección excepcional y esencias imponentes
A5: Teléfono | B5: +54 9 351 652-1368
A6: WhatsApp | B6: https://wa.me/5493516521368
A8: Total de fragancias | B8: =COUNTA(Productos!$C$2:$C$148) -> 147
A9: Casas | B9: =COUNTA(Casas!$A$4:$A$19) -> 16
A10: Con precio publicado | B10: =COUNT(Productos!$M$2:$M$148) -> 134
A11: A consultar | B11: =COUNTA(Productos!$C$2:$C$148)-COUNT(Productos!$M$2:$M$148) -> 13
A12: Destacados | B12: =COUNTIF(Productos!$D$2:$D$148,"Sí") -> 16
A14: Notas de los datos
A15: Fuente | B15: Catálogo HTML publicado (c74c15bb-index.html). Los datos se transcribieron tal cual figuran en la página.
A16: Precio (ARS) | B16: Precio tal como aparece en el catálogo. Celda vacía = precio a consultar (se muestra como 'Consultar' en Precio mostrado).
A17: Presentación | B17: Texto original del catálogo (ej. 'EDP 100ML').
A18: Tipo y Volumen | B18: Derivados de la Presentación: Tipo = concentración o formato (EDP, ELIXIR, EXTRAIT PARFUM, SET, etc.); Volumen = mililitros.
A19: Año y Duración | B19: Texto original del catálogo. 'Consultar' se mantiene así. Los 2 accesorios no tienen estos datos y quedan vacíos.
A20: Notas olfativas | B20: Lista original del catálogo, separadas por coma.
A21: Foto (archivo) | B21: Ruta relativa a la carpeta 'imagenes/' que acompaña este archivo (formato WebP). 15 productos no tienen foto.
A22: Orden | B22: Por casa (A-Z) y luego por producto (A-Z).
A24: Manifiesto
B25: Altiva Essentia nace de una convicción simple: el perfume no se compra, se elige. Cada fragancia de este catálogo fue reunida pensando en quien entiende que un aroma es la primera impresión que se deja y la última que se recuerda — poder y delicadeza en el mismo gesto.
B26: Reunimos, casa por casa, las firmas más codiciadas de la alta perfumería árabe y europea: ámbares intensos, oud especiado, gourmands imposibles de olvidar y flores que perduran mucho después de la piel. Altiva Essentia no es solo un nombre — es una promesa de sofisticación, hecha esencia.
